#Lines starting with a hash, are ignored
problemData
maxChainLength,6
maxCycleLength,3
cycleBonus,0
endProblemData
rootNodes,5
r0
r1
r2
r3
r4
endRootNodes
pairedNodes,95
p5
p6
p7
p8
p9
p10
p11
p12
p13
p14
p15
p16
p17
p18
p19
p20
p21
p22
p23
p24
p25
p26
p27
p28
p29
p30
p31
p32
p33
p34
p35
p36
p37
p38
p39
p40
p41
p42
p43
p44
p45
p46
p47
p48
p49
p50
p51
p52
p53
p54
p55
p56
p57
p58
p59
p60
p61
p62
p63
p64
p65
p66
p67
p68
p69
p70
p71
p72
p73
p74
p75
p76
p77
p78
p79
p80
p81
p82
p83
p84
p85
p86
p87
p88
p89
p90
p91
p92
p93
p94
p95
p96
p97
p98
p99
endPairedNodes
terminalNodes,5
t100
t101
t102
t103
t104
endTerminalNodes
edges,3447
e0,r0,p6,1
e1,r0,p7,1
e2,r0,p8,1
e3,r0,p9,1
e4,r0,p11,1
e5,r0,p14,1
e6,r0,p17,1
e7,r0,p23,1
e8,r0,p24,1
e9,r0,p26,1
e10,r0,p28,1
e11,r0,p29,1
e12,r0,p30,1
e13,r0,p32,1
e14,r0,p34,1
e15,r0,p36,1
e16,r0,p37,1
e17,r0,p39,1
e18,r0,p40,1
e19,r0,p41,1
e20,r0,p43,1
e21,r0,p46,1
e22,r0,p47,1
e23,r0,p48,1
e24,r0,p50,1
e25,r0,p53,1
e26,r0,p56,1
e27,r0,p58,1
e28,r0,p59,1
e29,r0,p60,1
e30,r0,p61,1
e31,r0,p64,1
e32,r0,p65,1
e33,r0,p66,1
e34,r0,p67,1
e35,r0,p70,1
e36,r0,p71,1
e37,r0,p73,1
e38,r0,p74,1
e39,r0,p77,1
e40,r0,p78,1
e41,r0,p80,1
e42,r0,p81,1
e43,r0,p82,1
e44,r0,p83,1
e45,r0,p84,1
e46,r0,p85,1
e47,r0,p92,1
e48,r0,p93,1
e49,r0,p94,1
e50,r0,p96,1
e51,r0,p97,1
e52,r0,p98,1
e53,r0,p99,1
e54,r0,t100,1
e55,r0,t101,1
e56,r0,t102,1
e57,r0,t103,1
e58,r0,t104,1
e59,r1,p10,1
e60,r1,p19,1
e61,r1,p21,1
e62,r1,p27,1
e63,r1,p29,1
e64,r1,p34,1
e65,r1,p37,1
e66,r1,p41,1
e67,r1,p50,1
e68,r1,p64,1
e69,r1,p68,1
e70,r1,p77,1
e71,r1,p82,1
e72,r1,p94,1
e73,r1,p96,1
e74,r1,p99,1
e75,r1,t100,1
e76,r1,t101,1
e77,r1,t102,1
e78,r1,t103,1
e79,r1,t104,1
e80,r2,p6,1
e81,r2,p10,1
e82,r2,p11,1
e83,r2,p12,1
e84,r2,p14,1
e85,r2,p17,1
e86,r2,p19,1
e87,r2,p21,1
e88,r2,p22,1
e89,r2,p23,1
e90,r2,p29,1
e91,r2,p30,1
e92,r2,p32,1
e93,r2,p34,1
e94,r2,p35,1
e95,r2,p36,1
e96,r2,p37,1
e97,r2,p41,1
e98,r2,p44,1
e99,r2,p45,1
e100,r2,p46,1
e101,r2,p47,1
e102,r2,p48,1
e103,r2,p52,1
e104,r2,p64,1
e105,r2,p65,1
e106,r2,p69,1
e107,r2,p70,1
e108,r2,p71,1
e109,r2,p72,1
e110,r2,p74,1
e111,r2,p77,1
e112,r2,p81,1
e113,r2,p83,1
e114,r2,p84,1
e115,r2,p90,1
e116,r2,p92,1
e117,r2,p94,1
e118,r2,p95,1
e119,r2,p96,1
e120,r2,p97,1
e121,r2,p98,1
e122,r2,t100,1
e123,r2,t101,1
e124,r2,t102,1
e125,r2,t103,1
e126,r2,t104,1
e127,r3,p8,1
e128,r3,p10,1
e129,r3,p14,1
e130,r3,p22,1
e131,r3,p24,1
e132,r3,p29,1
e133,r3,p30,1
e134,r3,p34,1
e135,r3,p37,1
e136,r3,p39,1
e137,r3,p40,1
e138,r3,p41,1
e139,r3,p64,1
e140,r3,p68,1
e141,r3,p82,1
e142,r3,p94,1
e143,r3,p96,1
e144,r3,t100,1
e145,r3,t101,1
e146,r3,t102,1
e147,r3,t103,1
e148,r3,t104,1
e149,r4,p8,1
e150,r4,p9,1
e151,r4,p10,1
e152,r4,p14,1
e153,r4,p20,1
e154,r4,p22,1
e155,r4,p30,1
e156,r4,p34,1
e157,r4,p41,1
e158,r4,p43,1
e159,r4,p44,1
e160,r4,p45,1
e161,r4,p49,1
e162,r4,p52,1
e163,r4,p64,1
e164,r4,p68,1
e165,r4,p85,1
e166,r4,p89,1
e167,r4,p94,1
e168,r4,p96,1
e169,r4,t100,1
e170,r4,t101,1
e171,r4,t102,1
e172,r4,t103,1
e173,r4,t104,1
e174,p5,p9,1
e175,p5,p12,1
e176,p5,p14,1
e177,p5,p17,1
e178,p5,p22,1
e179,p5,p23,1
e180,p5,p27,1
e181,p5,p28,1
e182,p5,p29,1
e183,p5,p32,1
e184,p5,p34,1
e185,p5,p35,1
e186,p5,p37,1
e187,p5,p39,1
e188,p5,p44,1
e189,p5,p46,1
e190,p5,p48,1
e191,p5,p50,1
e192,p5,p52,1
e193,p5,p53,1
e194,p5,p58,1
e195,p5,p60,1
e196,p5,p61,1
e197,p5,p64,1
e198,p5,p65,1
e199,p5,p69,1
e200,p5,p70,1
e201,p5,p71,1
e202,p5,p74,1
e203,p5,p77,1
e204,p5,p78,1
e205,p5,p80,1
e206,p5,p81,1
e207,p5,p82,1
e208,p5,p84,1
e209,p5,p88,1
e210,p5,p89,1
e211,p5,p90,1
e212,p5,p92,1
e213,p5,p93,1
e214,p5,p94,1
e215,p5,p95,1
e216,p5,p98,1
e217,p5,t100,1
e218,p5,t101,1
e219,p5,t102,1
e220,p5,t103,1
e221,p5,t104,1
e222,p6,p8,1
e223,p6,p9,1
e224,p6,p24,1
e225,p6,p27,1
e226,p6,p29,1
e227,p6,p37,1
e228,p6,p39,1
e229,p6,p43,1
e230,p6,p50,1
e231,p6,p64,1
e232,p6,p68,1
e233,p6,p82,1
e234,p6,p94,1
e235,p6,p96,1
e236,p6,t100,1
e237,p6,t101,1
e238,p6,t102,1
e239,p6,t103,1
e240,p6,t104,1
e241,p7,p8,1
e242,p7,p10,1
e243,p7,p14,1
e244,p7,p19,1
e245,p7,p21,1
e246,p7,p22,1
e247,p7,p24,1
e248,p7,p27,1
e249,p7,p29,1
e250,p7,p39,1
e251,p7,p41,1
e252,p7,p50,1
e253,p7,p64,1
e254,p7,p68,1
e255,p7,p72,1
e256,p7,p77,1
e257,p7,p82,1
e258,p7,p94,1
e259,p7,p96,1
e260,p7,t100,1
e261,p7,t101,1
e262,p7,t102,1
e263,p7,t103,1
e264,p7,t104,1
e265,p8,p9,1
e266,p8,p10,1
e267,p8,p21,1
e268,p8,p22,1
e269,p8,p27,1
e270,p8,p29,1
e271,p8,p34,1
e272,p8,p37,1
e273,p8,p41,1
e274,p8,p44,1
e275,p8,p45,1
e276,p8,p50,1
e277,p8,p64,1
e278,p8,p68,1
e279,p8,p77,1
e280,p8,p82,1
e281,p8,p94,1
e282,p8,p96,1
e283,p8,t100,1
e284,p8,t101,1
e285,p8,t102,1
e286,p8,t103,1
e287,p8,t104,1
e288,p9,p6,1
e289,p9,p11,1
e290,p9,p12,1
e291,p9,p14,1
e292,p9,p17,1
e293,p9,p22,1
e294,p9,p23,1
e295,p9,p27,1
e296,p9,p30,1
e297,p9,p32,1
e298,p9,p40,1
e299,p9,p43,1
e300,p9,p44,1
e301,p9,p46,1
e302,p9,p47,1
e303,p9,p48,1
e304,p9,p50,1
e305,p9,p52,1
e306,p9,p53,1
e307,p9,p58,1
e308,p9,p59,1
e309,p9,p60,1
e310,p9,p61,1
e311,p9,p64,1
e312,p9,p65,1
e313,p9,p66,1
e314,p9,p68,1
e315,p9,p69,1
e316,p9,p71,1
e317,p9,p72,1
e318,p9,p74,1
e319,p9,p77,1
e320,p9,p78,1
e321,p9,p81,1
e322,p9,p82,1
e323,p9,p84,1
e324,p9,p88,1
e325,p9,p90,1
e326,p9,p92,1
e327,p9,p94,1
e328,p9,p95,1
e329,p9,p97,1
e330,p9,p98,1
e331,p9,t100,1
e332,p9,t101,1
e333,p9,t102,1
e334,p9,t103,1
e335,p9,t104,1
e336,p10,p5,1
e337,p10,p16,1
e338,p10,p19,1
e339,p10,p21,1
e340,p10,p22,1
e341,p10,p24,1
e342,p10,p27,1
e343,p10,p34,1
e344,p10,p37,1
e345,p10,p39,1
e346,p10,p41,1
e347,p10,p64,1
e348,p10,p68,1
e349,p10,p77,1
e350,p10,p85,1
e351,p10,p87,1
e352,p10,p94,1
e353,p10,p96,1
e354,p10,t100,1
e355,p10,t101,1
e356,p10,t102,1
e357,p10,t103,1
e358,p10,t104,1
e359,p11,p9,1
e360,p11,p10,1
e361,p11,p12,1
e362,p11,p14,1
e363,p11,p17,1
e364,p11,p19,1
e365,p11,p23,1
e366,p11,p24,1
e367,p11,p27,1
e368,p11,p28,1
e369,p11,p29,1
e370,p11,p32,1
e371,p11,p39,1
e372,p11,p43,1
e373,p11,p46,1
e374,p11,p47,1
e375,p11,p48,1
e376,p11,p52,1
e377,p11,p53,1
e378,p11,p54,1
e379,p11,p59,1
e380,p11,p60,1
e381,p11,p61,1
e382,p11,p64,1
e383,p11,p65,1
e384,p11,p68,1
e385,p11,p70,1
e386,p11,p71,1
e387,p11,p72,1
e388,p11,p74,1
e389,p11,p78,1
e390,p11,p80,1
e391,p11,p81,1
e392,p11,p82,1
e393,p11,p83,1
e394,p11,p84,1
e395,p11,p88,1
e396,p11,p90,1
e397,p11,p92,1
e398,p11,p94,1
e399,p11,p96,1
e400,p11,p97,1
e401,p11,p98,1
e402,p11,p99,1
e403,p11,t100,1
e404,p11,t101,1
e405,p11,t102,1
e406,p11,t103,1
e407,p11,t104,1
e408,p12,p6,1
e409,p12,p8,1
e410,p12,p9,1
e411,p12,p10,1
e412,p12,p11,1
e413,p12,p14,1
e414,p12,p17,1
e415,p12,p19,1
e416,p12,p21,1
e417,p12,p23,1
e418,p12,p24,1
e419,p12,p34,1
e420,p12,p35,1
e421,p12,p36,1
e422,p12,p37,1
e423,p12,p39,1
e424,p12,p41,1
e425,p12,p43,1
e426,p12,p44,1
e427,p12,p46,1
e428,p12,p47,1
e429,p12,p52,1
e430,p12,p59,1
e431,p12,p61,1
e432,p12,p64,1
e433,p12,p65,1
e434,p12,p66,1
e435,p12,p68,1
e436,p12,p69,1
e437,p12,p70,1
e438,p12,p71,1
e439,p12,p72,1
e440,p12,p74,1
e441,p12,p78,1
e442,p12,p80,1
e443,p12,p81,1
e444,p12,p82,1
e445,p12,p83,1
e446,p12,p84,1
e447,p12,p90,1
e448,p12,p92,1
e449,p12,p93,1
e450,p12,p94,1
e451,p12,p95,1
e452,p12,p96,1
e453,p12,p98,1
e454,p12,t100,1
e455,p12,t101,1
e456,p12,t102,1
e457,p12,t103,1
e458,p12,t104,1
e459,p13,p6,1
e460,p13,p8,1
e461,p13,p9,1
e462,p13,p10,1
e463,p13,p12,1
e464,p13,p14,1
e465,p13,p17,1
e466,p13,p19,1
e467,p13,p21,1
e468,p13,p22,1
e469,p13,p23,1
e470,p13,p24,1
e471,p13,p26,1
e472,p13,p29,1
e473,p13,p30,1
e474,p13,p37,1
e475,p13,p39,1
e476,p13,p41,1
e477,p13,p46,1
e478,p13,p52,1
e479,p13,p53,1
e480,p13,p58,1
e481,p13,p59,1
e482,p13,p61,1
e483,p13,p64,1
e484,p13,p65,1
e485,p13,p69,1
e486,p13,p71,1
e487,p13,p74,1
e488,p13,p76,1
e489,p13,p77,1
e490,p13,p78,1
e491,p13,p80,1
e492,p13,p83,1
e493,p13,p90,1
e494,p13,p92,1
e495,p13,p94,1
e496,p13,p95,1
e497,p13,p96,1
e498,p13,p98,1
e499,p13,t100,1
e500,p13,t101,1
e501,p13,t102,1
e502,p13,t103,1
e503,p13,t104,1
e504,p14,p5,1
e505,p14,p6,1
e506,p14,p9,1
e507,p14,p10,1
e508,p14,p12,1
e509,p14,p16,1
e510,p14,p17,1
e511,p14,p19,1
e512,p14,p21,1
e513,p14,p23,1
e514,p14,p26,1
e515,p14,p27,1
e516,p14,p28,1
e517,p14,p29,1
e518,p14,p30,1
e519,p14,p34,1
e520,p14,p35,1
e521,p14,p37,1
e522,p14,p39,1
e523,p14,p41,1
e524,p14,p43,1
e525,p14,p44,1
e526,p14,p46,1
e527,p14,p47,1
e528,p14,p48,1
e529,p14,p50,1
e530,p14,p53,1
e531,p14,p58,1
e532,p14,p59,1
e533,p14,p64,1
e534,p14,p65,1
e535,p14,p66,1
e536,p14,p67,1
e537,p14,p70,1
e538,p14,p71,1
e539,p14,p72,1
e540,p14,p74,1
e541,p14,p75,1
e542,p14,p77,1
e543,p14,p78,1
e544,p14,p81,1
e545,p14,p83,1
e546,p14,p84,1
e547,p14,p85,1
e548,p14,p88,1
e549,p14,p92,1
e550,p14,p93,1
e551,p14,p94,1
e552,p14,p96,1
e553,p14,p97,1
e554,p14,p98,1
e555,p14,t100,1
e556,p14,t101,1
e557,p14,t102,1
e558,p14,t103,1
e559,p14,t104,1
e560,p15,p27,1
e561,p15,p28,1
e562,p15,p39,1
e563,p15,p47,1
e564,p15,p53,1
e565,p15,p78,1
e566,p15,p92,1
e567,p15,p97,1
e568,p15,t100,1
e569,p15,t101,1
e570,p15,t102,1
e571,p15,t103,1
e572,p15,t104,1
e573,p16,p5,1
e574,p16,p8,1
e575,p16,p19,1
e576,p16,p22,1
e577,p16,p24,1
e578,p16,p27,1
e579,p16,p29,1
e580,p16,p30,1
e581,p16,p34,1
e582,p16,p39,1
e583,p16,p41,1
e584,p16,p44,1
e585,p16,p52,1
e586,p16,p64,1
e587,p16,p68,1
e588,p16,p82,1
e589,p16,p87,1
e590,p16,p94,1
e591,p16,p96,1
e592,p16,t100,1
e593,p16,t101,1
e594,p16,t102,1
e595,p16,t103,1
e596,p16,t104,1
e597,p17,p27,1
e598,p17,p41,1
e599,p17,t100,1
e600,p17,t101,1
e601,p17,t102,1
e602,p17,t103,1
e603,p17,t104,1
e604,p18,p8,1
e605,p18,p14,1
e606,p18,p19,1
e607,p18,p22,1
e608,p18,p24,1
e609,p18,p27,1
e610,p18,p29,1
e611,p18,p30,1
e612,p18,p34,1
e613,p18,p37,1
e614,p18,p41,1
e615,p18,p44,1
e616,p18,p52,1
e617,p18,p64,1
e618,p18,p68,1
e619,p18,p77,1
e620,p18,p94,1
e621,p18,p96,1
e622,p18,p99,1
e623,p18,t100,1
e624,p18,t101,1
e625,p18,t102,1
e626,p18,t103,1
e627,p18,t104,1
e628,p19,p8,1
e629,p19,p9,1
e630,p19,p10,1
e631,p19,p12,1
e632,p19,p14,1
e633,p19,p22,1
e634,p19,p23,1
e635,p19,p24,1
e636,p19,p27,1
e637,p19,p29,1
e638,p19,p32,1
e639,p19,p34,1
e640,p19,p35,1
e641,p19,p36,1
e642,p19,p37,1
e643,p19,p40,1
e644,p19,p44,1
e645,p19,p46,1
e646,p19,p48,1
e647,p19,p50,1
e648,p19,p58,1
e649,p19,p59,1
e650,p19,p61,1
e651,p19,p64,1
e652,p19,p65,1
e653,p19,p66,1
e654,p19,p68,1
e655,p19,p69,1
e656,p19,p71,1
e657,p19,p72,1
e658,p19,p74,1
e659,p19,p77,1
e660,p19,p80,1
e661,p19,p83,1
e662,p19,p88,1
e663,p19,p90,1
e664,p19,p92,1
e665,p19,p93,1
e666,p19,p94,1
e667,p19,p95,1
e668,p19,p96,1
e669,p19,p98,1
e670,p19,t100,1
e671,p19,t101,1
e672,p19,t102,1
e673,p19,t103,1
e674,p19,t104,1
e675,p20,p10,1
e676,p20,p14,1
e677,p20,p19,1
e678,p20,p21,1
e679,p20,p22,1
e680,p20,p27,1
e681,p20,p30,1
e682,p20,p37,1
e683,p20,p39,1
e684,p20,p40,1
e685,p20,p41,1
e686,p20,p64,1
e687,p20,p68,1
e688,p20,p72,1
e689,p20,p77,1
e690,p20,p94,1
e691,p20,p96,1
e692,p20,t100,1
e693,p20,t101,1
e694,p20,t102,1
e695,p20,t103,1
e696,p20,t104,1
e697,p21,p5,1
e698,p21,p6,1
e699,p21,p7,1
e700,p21,p8,1
e701,p21,p10,1
e702,p21,p11,1
e703,p21,p14,1
e704,p21,p17,1
e705,p21,p19,1
e706,p21,p23,1
e707,p21,p27,1
e708,p21,p28,1
e709,p21,p29,1
e710,p21,p30,1
e711,p21,p32,1
e712,p21,p37,1
e713,p21,p43,1
e714,p21,p44,1
e715,p21,p46,1
e716,p21,p47,1
e717,p21,p48,1
e718,p21,p49,1
e719,p21,p53,1
e720,p21,p59,1
e721,p21,p61,1
e722,p21,p64,1
e723,p21,p65,1
e724,p21,p67,1
e725,p21,p69,1
e726,p21,p71,1
e727,p21,p72,1
e728,p21,p73,1
e729,p21,p74,1
e730,p21,p77,1
e731,p21,p78,1
e732,p21,p82,1
e733,p21,p84,1
e734,p21,p85,1
e735,p21,p87,1
e736,p21,p90,1
e737,p21,p91,1
e738,p21,p92,1
e739,p21,p93,1
e740,p21,p94,1
e741,p21,p95,1
e742,p21,p96,1
e743,p21,p97,1
e744,p21,p98,1
e745,p21,t100,1
e746,p21,t101,1
e747,p21,t102,1
e748,p21,t103,1
e749,p21,t104,1
e750,p22,p5,1
e751,p22,p8,1
e752,p22,p9,1
e753,p22,p10,1
e754,p22,p14,1
e755,p22,p24,1
e756,p22,p27,1
e757,p22,p29,1
e758,p22,p30,1
e759,p22,p34,1
e760,p22,p39,1
e761,p22,p43,1
e762,p22,p44,1
e763,p22,p45,1
e764,p22,p49,1
e765,p22,p50,1
e766,p22,p52,1
e767,p22,p64,1
e768,p22,p72,1
e769,p22,p77,1
e770,p22,p85,1
e771,p22,p87,1
e772,p22,p94,1
e773,p22,p96,1
e774,p22,t100,1
e775,p22,t101,1
e776,p22,t102,1
e777,p22,t103,1
e778,p22,t104,1
e779,p23,p6,1
e780,p23,p8,1
e781,p23,p10,1
e782,p23,p12,1
e783,p23,p14,1
e784,p23,p22,1
e785,p23,p24,1
e786,p23,p27,1
e787,p23,p32,1
e788,p23,p36,1
e789,p23,p41,1
e790,p23,p44,1
e791,p23,p46,1
e792,p23,p47,1
e793,p23,p58,1
e794,p23,p59,1
e795,p23,p60,1
e796,p23,p61,1
e797,p23,p64,1
e798,p23,p65,1
e799,p23,p66,1
e800,p23,p68,1
e801,p23,p71,1
e802,p23,p72,1
e803,p23,p74,1
e804,p23,p78,1
e805,p23,p79,1
e806,p23,p81,1
e807,p23,p83,1
e808,p23,p84,1
e809,p23,p90,1
e810,p23,p92,1
e811,p23,p94,1
e812,p23,p95,1
e813,p23,p96,1
e814,p23,p98,1
e815,p23,t100,1
e816,p23,t101,1
e817,p23,t102,1
e818,p23,t103,1
e819,p23,t104,1
e820,p24,p5,1
e821,p24,p6,1
e822,p24,p7,1
e823,p24,p8,1
e824,p24,p9,1
e825,p24,p10,1
e826,p24,p11,1
e827,p24,p12,1
e828,p24,p14,1
e829,p24,p15,1
e830,p24,p16,1
e831,p24,p17,1
e832,p24,p19,1
e833,p24,p21,1
e834,p24,p22,1
e835,p24,p23,1
e836,p24,p27,1
e837,p24,p28,1
e838,p24,p29,1
e839,p24,p35,1
e840,p24,p36,1
e841,p24,p39,1
e842,p24,p43,1
e843,p24,p44,1
e844,p24,p46,1
e845,p24,p47,1
e846,p24,p48,1
e847,p24,p49,1
e848,p24,p50,1
e849,p24,p53,1
e850,p24,p59,1
e851,p24,p60,1
e852,p24,p64,1
e853,p24,p65,1
e854,p24,p66,1
e855,p24,p67,1
e856,p24,p69,1
e857,p24,p70,1
e858,p24,p71,1
e859,p24,p72,1
e860,p24,p74,1
e861,p24,p78,1
e862,p24,p81,1
e863,p24,p84,1
e864,p24,p85,1
e865,p24,p87,1
e866,p24,p91,1
e867,p24,p92,1
e868,p24,p93,1
e869,p24,p94,1
e870,p24,p95,1
e871,p24,p97,1
e872,p24,p98,1
e873,p24,t100,1
e874,p24,t101,1
e875,p24,t102,1
e876,p24,t103,1
e877,p24,t104,1
e878,p25,p6,1
e879,p25,p8,1
e880,p25,p9,1
e881,p25,p10,1
e882,p25,p11,1
e883,p25,p12,1
e884,p25,p13,1
e885,p25,p14,1
e886,p25,p17,1
e887,p25,p21,1
e888,p25,p23,1
e889,p25,p24,1
e890,p25,p28,1
e891,p25,p37,1
e892,p25,p40,1
e893,p25,p41,1
e894,p25,p43,1
e895,p25,p46,1
e896,p25,p47,1
e897,p25,p50,1
e898,p25,p52,1
e899,p25,p53,1
e900,p25,p60,1
e901,p25,p61,1
e902,p25,p64,1
e903,p25,p65,1
e904,p25,p66,1
e905,p25,p69,1
e906,p25,p71,1
e907,p25,p74,1
e908,p25,p75,1
e909,p25,p80,1
e910,p25,p82,1
e911,p25,p83,1
e912,p25,p84,1
e913,p25,p88,1
e914,p25,p90,1
e915,p25,p92,1
e916,p25,p94,1
e917,p25,p95,1
e918,p25,p97,1
e919,p25,p98,1
e920,p25,t100,1
e921,p25,t101,1
e922,p25,t102,1
e923,p25,t103,1
e924,p25,t104,1
e925,p26,p6,1
e926,p26,p8,1
e927,p26,p9,1
e928,p26,p12,1
e929,p26,p14,1
e930,p26,p17,1
e931,p26,p21,1
e932,p26,p22,1
e933,p26,p23,1
e934,p26,p27,1
e935,p26,p28,1
e936,p26,p29,1
e937,p26,p32,1
e938,p26,p34,1
e939,p26,p35,1
e940,p26,p36,1
e941,p26,p37,1
e942,p26,p43,1
e943,p26,p44,1
e944,p26,p46,1
e945,p26,p47,1
e946,p26,p48,1
e947,p26,p50,1
e948,p26,p52,1
e949,p26,p53,1
e950,p26,p59,1
e951,p26,p60,1
e952,p26,p61,1
e953,p26,p64,1
e954,p26,p65,1
e955,p26,p66,1
e956,p26,p68,1
e957,p26,p69,1
e958,p26,p71,1
e959,p26,p72,1
e960,p26,p77,1
e961,p26,p80,1
e962,p26,p81,1
e963,p26,p82,1
e964,p26,p83,1
e965,p26,p88,1
e966,p26,p90,1
e967,p26,p92,1
e968,p26,p94,1
e969,p26,p96,1
e970,p26,p97,1
e971,p26,p98,1
e972,p26,t100,1
e973,p26,t101,1
e974,p26,t102,1
e975,p26,t103,1
e976,p26,t104,1
e977,p27,p8,1
e978,p27,p9,1
e979,p27,p10,1
e980,p27,p14,1
e981,p27,p19,1
e982,p27,p20,1
e983,p27,p21,1
e984,p27,p22,1
e985,p27,p24,1
e986,p27,p29,1
e987,p27,p30,1
e988,p27,p39,1
e989,p27,p44,1
e990,p27,p50,1
e991,p27,p52,1
e992,p27,p64,1
e993,p27,p72,1
e994,p27,p77,1
e995,p27,p94,1
e996,p27,p96,1
e997,p27,t100,1
e998,p27,t101,1
e999,p27,t102,1
e1000,p27,t103,1
e1001,p27,t104,1
e1002,p28,p5,1
e1003,p28,p8,1
e1004,p28,p9,1
e1005,p28,p10,1
e1006,p28,p37,1
e1007,p28,p39,1
e1008,p28,p41,1
e1009,p28,p44,1
e1010,p28,p45,1
e1011,p28,p49,1
e1012,p28,p52,1
e1013,p28,p64,1
e1014,p28,p77,1
e1015,p28,p82,1
e1016,p28,p85,1
e1017,p28,p87,1
e1018,p28,t100,1
e1019,p28,t101,1
e1020,p28,t102,1
e1021,p28,t103,1
e1022,p28,t104,1
e1023,p29,p27,1
e1024,p29,p35,1
e1025,p29,p67,1
e1026,p29,p78,1
e1027,p29,p92,1
e1028,p29,p97,1
e1029,p29,t100,1
e1030,p29,t101,1
e1031,p29,t102,1
e1032,p29,t103,1
e1033,p29,t104,1
e1034,p30,p8,1
e1035,p30,p9,1
e1036,p30,p14,1
e1037,p30,p22,1
e1038,p30,p27,1
e1039,p30,p29,1
e1040,p30,p34,1
e1041,p30,p41,1
e1042,p30,p44,1
e1043,p30,p50,1
e1044,p30,p52,1
e1045,p30,p63,1
e1046,p30,p64,1
e1047,p30,p77,1
e1048,p30,p94,1
e1049,p30,t100,1
e1050,p30,t101,1
e1051,p30,t102,1
e1052,p30,t103,1
e1053,p30,t104,1
e1054,p31,p27,1
e1055,p31,p39,1
e1056,p31,p41,1
e1057,p31,t100,1
e1058,p31,t101,1
e1059,p31,t102,1
e1060,p31,t103,1
e1061,p31,t104,1
e1062,p32,p10,1
e1063,p32,p19,1
e1064,p32,p22,1
e1065,p32,p34,1
e1066,p32,p37,1
e1067,p32,p39,1
e1068,p32,p44,1
e1069,p32,p50,1
e1070,p32,p64,1
e1071,p32,p68,1
e1072,p32,p75,1
e1073,p32,p82,1
e1074,p32,p89,1
e1075,p32,p96,1
e1076,p32,t100,1
e1077,p32,t101,1
e1078,p32,t102,1
e1079,p32,t103,1
e1080,p32,t104,1
e1081,p33,p6,1
e1082,p33,p9,1
e1083,p33,p12,1
e1084,p33,p17,1
e1085,p33,p19,1
e1086,p33,p20,1
e1087,p33,p21,1
e1088,p33,p22,1
e1089,p33,p23,1
e1090,p33,p26,1
e1091,p33,p29,1
e1092,p33,p30,1
e1093,p33,p34,1
e1094,p33,p35,1
e1095,p33,p36,1
e1096,p33,p37,1
e1097,p33,p39,1
e1098,p33,p44,1
e1099,p33,p45,1
e1100,p33,p46,1
e1101,p33,p48,1
e1102,p33,p52,1
e1103,p33,p57,1
e1104,p33,p58,1
e1105,p33,p59,1
e1106,p33,p61,1
e1107,p33,p64,1
e1108,p33,p65,1
e1109,p33,p68,1
e1110,p33,p71,1
e1111,p33,p72,1
e1112,p33,p74,1
e1113,p33,p76,1
e1114,p33,p80,1
e1115,p33,p81,1
e1116,p33,p82,1
e1117,p33,p84,1
e1118,p33,p88,1
e1119,p33,p90,1
e1120,p33,p92,1
e1121,p33,p94,1
e1122,p33,p95,1
e1123,p33,p98,1
e1124,p33,t100,1
e1125,p33,t101,1
e1126,p33,t102,1
e1127,p33,t103,1
e1128,p33,t104,1
e1129,p34,p6,1
e1130,p34,p8,1
e1131,p34,p9,1
e1132,p34,p12,1
e1133,p34,p14,1
e1134,p34,p17,1
e1135,p34,p19,1
e1136,p34,p23,1
e1137,p34,p24,1
e1138,p34,p27,1
e1139,p34,p28,1
e1140,p34,p29,1
e1141,p34,p30,1
e1142,p34,p32,1
e1143,p34,p35,1
e1144,p34,p36,1
e1145,p34,p37,1
e1146,p34,p39,1
e1147,p34,p43,1
e1148,p34,p44,1
e1149,p34,p46,1
e1150,p34,p48,1
e1151,p34,p50,1
e1152,p34,p61,1
e1153,p34,p64,1
e1154,p34,p65,1
e1155,p34,p69,1
e1156,p34,p70,1
e1157,p34,p71,1
e1158,p34,p74,1
e1159,p34,p75,1
e1160,p34,p78,1
e1161,p34,p79,1
e1162,p34,p80,1
e1163,p34,p81,1
e1164,p34,p82,1
e1165,p34,p88,1
e1166,p34,p92,1
e1167,p34,p93,1
e1168,p34,p94,1
e1169,p34,p95,1
e1170,p34,p96,1
e1171,p34,t100,1
e1172,p34,t101,1
e1173,p34,t102,1
e1174,p34,t103,1
e1175,p34,t104,1
e1176,p35,p5,1
e1177,p35,p7,1
e1178,p35,p8,1
e1179,p35,p9,1
e1180,p35,p11,1
e1181,p35,p17,1
e1182,p35,p22,1
e1183,p35,p23,1
e1184,p35,p24,1
e1185,p35,p27,1
e1186,p35,p28,1
e1187,p35,p29,1
e1188,p35,p32,1
e1189,p35,p34,1
e1190,p35,p36,1
e1191,p35,p37,1
e1192,p35,p39,1
e1193,p35,p40,1
e1194,p35,p41,1
e1195,p35,p43,1
e1196,p35,p44,1
e1197,p35,p46,1
e1198,p35,p49,1
e1199,p35,p50,1
e1200,p35,p52,1
e1201,p35,p53,1
e1202,p35,p56,1
e1203,p35,p59,1
e1204,p35,p60,1
e1205,p35,p62,1
e1206,p35,p64,1
e1207,p35,p65,1
e1208,p35,p66,1
e1209,p35,p67,1
e1210,p35,p68,1
e1211,p35,p69,1
e1212,p35,p70,1
e1213,p35,p71,1
e1214,p35,p73,1
e1215,p35,p74,1
e1216,p35,p77,1
e1217,p35,p78,1
e1218,p35,p81,1
e1219,p35,p83,1
e1220,p35,p84,1
e1221,p35,p85,1
e1222,p35,p86,1
e1223,p35,p87,1
e1224,p35,p91,1
e1225,p35,p92,1
e1226,p35,p93,1
e1227,p35,p95,1
e1228,p35,p97,1
e1229,p35,p98,1
e1230,p35,t100,1
e1231,p35,t101,1
e1232,p35,t102,1
e1233,p35,t103,1
e1234,p35,t104,1
e1235,p36,p10,1
e1236,p36,p14,1
e1237,p36,p19,1
e1238,p36,p21,1
e1239,p36,p29,1
e1240,p36,p30,1
e1241,p36,p34,1
e1242,p36,p37,1
e1243,p36,p39,1
e1244,p36,p43,1
e1245,p36,p44,1
e1246,p36,p52,1
e1247,p36,p63,1
e1248,p36,p64,1
e1249,p36,p68,1
e1250,p36,p82,1
e1251,p36,p94,1
e1252,p36,t100,1
e1253,p36,t101,1
e1254,p36,t102,1
e1255,p36,t103,1
e1256,p36,t104,1
e1257,p37,p6,1
e1258,p37,p11,1
e1259,p37,p14,1
e1260,p37,p17,1
e1261,p37,p20,1
e1262,p37,p22,1
e1263,p37,p23,1
e1264,p37,p24,1
e1265,p37,p28,1
e1266,p37,p30,1
e1267,p37,p31,1
e1268,p37,p32,1
e1269,p37,p34,1
e1270,p37,p39,1
e1271,p37,p41,1
e1272,p37,p44,1
e1273,p37,p46,1
e1274,p37,p47,1
e1275,p37,p48,1
e1276,p37,p50,1
e1277,p37,p52,1
e1278,p37,p53,1
e1279,p37,p60,1
e1280,p37,p64,1
e1281,p37,p65,1
e1282,p37,p66,1
e1283,p37,p71,1
e1284,p37,p74,1
e1285,p37,p78,1
e1286,p37,p81,1
e1287,p37,p82,1
e1288,p37,p83,1
e1289,p37,p88,1
e1290,p37,p92,1
e1291,p37,p93,1
e1292,p37,p94,1
e1293,p37,p95,1
e1294,p37,p96,1
e1295,p37,p98,1
e1296,p37,t100,1
e1297,p37,t101,1
e1298,p37,t102,1
e1299,p37,t103,1
e1300,p37,t104,1
e1301,p38,p8,1
e1302,p38,p11,1
e1303,p38,p12,1
e1304,p38,p14,1
e1305,p38,p19,1
e1306,p38,p22,1
e1307,p38,p23,1
e1308,p38,p28,1
e1309,p38,p29,1
e1310,p38,p32,1
e1311,p38,p34,1
e1312,p38,p37,1
e1313,p38,p39,1
e1314,p38,p43,1
e1315,p38,p44,1
e1316,p38,p46,1
e1317,p38,p47,1
e1318,p38,p48,1
e1319,p38,p53,1
e1320,p38,p64,1
e1321,p38,p65,1
e1322,p38,p68,1
e1323,p38,p70,1
e1324,p38,p71,1
e1325,p38,p74,1
e1326,p38,p80,1
e1327,p38,p81,1
e1328,p38,p90,1
e1329,p38,p92,1
e1330,p38,p93,1
e1331,p38,p94,1
e1332,p38,p95,1
e1333,p38,p96,1
e1334,p38,p98,1
e1335,p38,t100,1
e1336,p38,t101,1
e1337,p38,t102,1
e1338,p38,t103,1
e1339,p38,t104,1
e1340,p39,p10,1
e1341,p39,p11,1
e1342,p39,p13,1
e1343,p39,p14,1
e1344,p39,p17,1
e1345,p39,p21,1
e1346,p39,p22,1
e1347,p39,p23,1
e1348,p39,p24,1
e1349,p39,p28,1
e1350,p39,p29,1
e1351,p39,p30,1
e1352,p39,p32,1
e1353,p39,p34,1
e1354,p39,p36,1
e1355,p39,p41,1
e1356,p39,p43,1
e1357,p39,p46,1
e1358,p39,p47,1
e1359,p39,p48,1
e1360,p39,p50,1
e1361,p39,p53,1
e1362,p39,p59,1
e1363,p39,p64,1
e1364,p39,p65,1
e1365,p39,p66,1
e1366,p39,p71,1
e1367,p39,p72,1
e1368,p39,p74,1
e1369,p39,p77,1
e1370,p39,p78,1
e1371,p39,p81,1
e1372,p39,p83,1
e1373,p39,p84,1
e1374,p39,p88,1
e1375,p39,p90,1
e1376,p39,p92,1
e1377,p39,p94,1
e1378,p39,p95,1
e1379,p39,p96,1
e1380,p39,p97,1
e1381,p39,p98,1
e1382,p39,t100,1
e1383,p39,t101,1
e1384,p39,t102,1
e1385,p39,t103,1
e1386,p39,t104,1
e1387,p40,p6,1
e1388,p40,p8,1
e1389,p40,p10,1
e1390,p40,p14,1
e1391,p40,p17,1
e1392,p40,p22,1
e1393,p40,p23,1
e1394,p40,p27,1
e1395,p40,p30,1
e1396,p40,p36,1
e1397,p40,p46,1
e1398,p40,p47,1
e1399,p40,p48,1
e1400,p40,p50,1
e1401,p40,p60,1
e1402,p40,p61,1
e1403,p40,p63,1
e1404,p40,p64,1
e1405,p40,p65,1
e1406,p40,p66,1
e1407,p40,p68,1
e1408,p40,p70,1
e1409,p40,p71,1
e1410,p40,p72,1
e1411,p40,p74,1
e1412,p40,p78,1
e1413,p40,p81,1
e1414,p40,p83,1
e1415,p40,p92,1
e1416,p40,p93,1
e1417,p40,p94,1
e1418,p40,p95,1
e1419,p40,p96,1
e1420,p40,p97,1
e1421,p40,p98,1
e1422,p40,t100,1
e1423,p40,t101,1
e1424,p40,t102,1
e1425,p40,t103,1
e1426,p40,t104,1
e1427,p41,p6,1
e1428,p41,p8,1
e1429,p41,p10,1
e1430,p41,p11,1
e1431,p41,p12,1
e1432,p41,p17,1
e1433,p41,p19,1
e1434,p41,p21,1
e1435,p41,p22,1
e1436,p41,p23,1
e1437,p41,p24,1
e1438,p41,p27,1
e1439,p41,p32,1
e1440,p41,p34,1
e1441,p41,p35,1
e1442,p41,p37,1
e1443,p41,p46,1
e1444,p41,p48,1
e1445,p41,p50,1
e1446,p41,p52,1
e1447,p41,p53,1
e1448,p41,p57,1
e1449,p41,p58,1
e1450,p41,p60,1
e1451,p41,p61,1
e1452,p41,p64,1
e1453,p41,p65,1
e1454,p41,p66,1
e1455,p41,p68,1
e1456,p41,p70,1
e1457,p41,p71,1
e1458,p41,p74,1
e1459,p41,p81,1
e1460,p41,p84,1
e1461,p41,p88,1
e1462,p41,p90,1
e1463,p41,p92,1
e1464,p41,p93,1
e1465,p41,p94,1
e1466,p41,p95,1
e1467,p41,p98,1
e1468,p41,t100,1
e1469,p41,t101,1
e1470,p41,t102,1
e1471,p41,t103,1
e1472,p41,t104,1
e1473,p42,p8,1
e1474,p42,p9,1
e1475,p42,p10,1
e1476,p42,p14,1
e1477,p42,p19,1
e1478,p42,p21,1
e1479,p42,p22,1
e1480,p42,p27,1
e1481,p42,p29,1
e1482,p42,p39,1
e1483,p42,p40,1
e1484,p42,p41,1
e1485,p42,p44,1
e1486,p42,p50,1
e1487,p42,p52,1
e1488,p42,p64,1
e1489,p42,p77,1
e1490,p42,p87,1
e1491,p42,t100,1
e1492,p42,t101,1
e1493,p42,t102,1
e1494,p42,t103,1
e1495,p42,t104,1
e1496,p43,p6,1
e1497,p43,p9,1
e1498,p43,p10,1
e1499,p43,p19,1
e1500,p43,p22,1
e1501,p43,p23,1
e1502,p43,p24,1
e1503,p43,p27,1
e1504,p43,p28,1
e1505,p43,p40,1
e1506,p43,p46,1
e1507,p43,p47,1
e1508,p43,p50,1
e1509,p43,p53,1
e1510,p43,p58,1
e1511,p43,p60,1
e1512,p43,p64,1
e1513,p43,p65,1
e1514,p43,p66,1
e1515,p43,p70,1
e1516,p43,p71,1
e1517,p43,p74,1
e1518,p43,p77,1
e1519,p43,p80,1
e1520,p43,p81,1
e1521,p43,p82,1
e1522,p43,p83,1
e1523,p43,p88,1
e1524,p43,p92,1
e1525,p43,p94,1
e1526,p43,p95,1
e1527,p43,p96,1
e1528,p43,p98,1
e1529,p43,t100,1
e1530,p43,t101,1
e1531,p43,t102,1
e1532,p43,t103,1
e1533,p43,t104,1
e1534,p44,p6,1
e1535,p44,p11,1
e1536,p44,p17,1
e1537,p44,p21,1
e1538,p44,p23,1
e1539,p44,p27,1
e1540,p44,p28,1
e1541,p44,p29,1
e1542,p44,p30,1
e1543,p44,p32,1
e1544,p44,p33,1
e1545,p44,p34,1
e1546,p44,p35,1
e1547,p44,p36,1
e1548,p44,p39,1
e1549,p44,p41,1
e1550,p44,p46,1
e1551,p44,p47,1
e1552,p44,p50,1
e1553,p44,p52,1
e1554,p44,p53,1
e1555,p44,p58,1
e1556,p44,p59,1
e1557,p44,p60,1
e1558,p44,p64,1
e1559,p44,p65,1
e1560,p44,p68,1
e1561,p44,p71,1
e1562,p44,p72,1
e1563,p44,p74,1
e1564,p44,p78,1
e1565,p44,p80,1
e1566,p44,p81,1
e1567,p44,p83,1
e1568,p44,p84,1
e1569,p44,p88,1
e1570,p44,p92,1
e1571,p44,p93,1
e1572,p44,p94,1
e1573,p44,p95,1
e1574,p44,p97,1
e1575,p44,p98,1
e1576,p44,t100,1
e1577,p44,t101,1
e1578,p44,t102,1
e1579,p44,t103,1
e1580,p44,t104,1
e1581,p45,p6,1
e1582,p45,p8,1
e1583,p45,p9,1
e1584,p45,p11,1
e1585,p45,p17,1
e1586,p45,p19,1
e1587,p45,p23,1
e1588,p45,p24,1
e1589,p45,p26,1
e1590,p45,p28,1
e1591,p45,p29,1
e1592,p45,p32,1
e1593,p45,p34,1
e1594,p45,p35,1
e1595,p45,p36,1
e1596,p45,p41,1
e1597,p45,p44,1
e1598,p45,p46,1
e1599,p45,p47,1
e1600,p45,p48,1
e1601,p45,p50,1
e1602,p45,p52,1
e1603,p45,p53,1
e1604,p45,p59,1
e1605,p45,p61,1
e1606,p45,p64,1
e1607,p45,p65,1
e1608,p45,p66,1
e1609,p45,p74,1
e1610,p45,p77,1
e1611,p45,p78,1
e1612,p45,p81,1
e1613,p45,p82,1
e1614,p45,p83,1
e1615,p45,p84,1
e1616,p45,p92,1
e1617,p45,p93,1
e1618,p45,p94,1
e1619,p45,p95,1
e1620,p45,p97,1
e1621,p45,p98,1
e1622,p45,t100,1
e1623,p45,t101,1
e1624,p45,t102,1
e1625,p45,t103,1
e1626,p45,t104,1
e1627,p46,p28,1
e1628,p46,p35,1
e1629,p46,p36,1
e1630,p46,p41,1
e1631,p46,p47,1
e1632,p46,p67,1
e1633,p46,p78,1
e1634,p46,p92,1
e1635,p46,t100,1
e1636,p46,t101,1
e1637,p46,t102,1
e1638,p46,t103,1
e1639,p46,t104,1
e1640,p47,p8,1
e1641,p47,p9,1
e1642,p47,p10,1
e1643,p47,p21,1
e1644,p47,p22,1
e1645,p47,p27,1
e1646,p47,p29,1
e1647,p47,p30,1
e1648,p47,p37,1
e1649,p47,p41,1
e1650,p47,p44,1
e1651,p47,p50,1
e1652,p47,p64,1
e1653,p47,p68,1
e1654,p47,p77,1
e1655,p47,p94,1
e1656,p47,p96,1
e1657,p47,t100,1
e1658,p47,t101,1
e1659,p47,t102,1
e1660,p47,t103,1
e1661,p47,t104,1
e1662,p48,p6,1
e1663,p48,p7,1
e1664,p48,p8,1
e1665,p48,p9,1
e1666,p48,p15,1
e1667,p48,p17,1
e1668,p48,p19,1
e1669,p48,p22,1
e1670,p48,p23,1
e1671,p48,p29,1
e1672,p48,p30,1
e1673,p48,p35,1
e1674,p48,p36,1
e1675,p48,p37,1
e1676,p48,p38,1
e1677,p48,p39,1
e1678,p48,p41,1
e1679,p48,p43,1
e1680,p48,p44,1
e1681,p48,p46,1
e1682,p48,p47,1
e1683,p48,p53,1
e1684,p48,p58,1
e1685,p48,p59,1
e1686,p48,p60,1
e1687,p48,p61,1
e1688,p48,p64,1
e1689,p48,p65,1
e1690,p48,p66,1
e1691,p48,p67,1
e1692,p48,p68,1
e1693,p48,p70,1
e1694,p48,p71,1
e1695,p48,p72,1
e1696,p48,p73,1
e1697,p48,p74,1
e1698,p48,p77,1
e1699,p48,p78,1
e1700,p48,p81,1
e1701,p48,p82,1
e1702,p48,p84,1
e1703,p48,p85,1
e1704,p48,p90,1
e1705,p48,p91,1
e1706,p48,p92,1
e1707,p48,p93,1
e1708,p48,p94,1
e1709,p48,p95,1
e1710,p48,p98,1
e1711,p48,t100,1
e1712,p48,t101,1
e1713,p48,t102,1
e1714,p48,t103,1
e1715,p48,t104,1
e1716,p49,p7,1
e1717,p49,p11,1
e1718,p49,p14,1
e1719,p49,p15,1
e1720,p49,p16,1
e1721,p49,p17,1
e1722,p49,p21,1
e1723,p49,p22,1
e1724,p49,p23,1
e1725,p49,p24,1
e1726,p49,p29,1
e1727,p49,p30,1
e1728,p49,p32,1
e1729,p49,p37,1
e1730,p49,p41,1
e1731,p49,p42,1
e1732,p49,p43,1
e1733,p49,p44,1
e1734,p49,p46,1
e1735,p49,p48,1
e1736,p49,p50,1
e1737,p49,p52,1
e1738,p49,p53,1
e1739,p49,p58,1
e1740,p49,p64,1
e1741,p49,p65,1
e1742,p49,p67,1
e1743,p49,p68,1
e1744,p49,p71,1
e1745,p49,p74,1
e1746,p49,p77,1
e1747,p49,p78,1
e1748,p49,p80,1
e1749,p49,p81,1
e1750,p49,p82,1
e1751,p49,p84,1
e1752,p49,p85,1
e1753,p49,p88,1
e1754,p49,p92,1
e1755,p49,p93,1
e1756,p49,p94,1
e1757,p49,p95,1
e1758,p49,p98,1
e1759,p49,t100,1
e1760,p49,t101,1
e1761,p49,t102,1
e1762,p49,t103,1
e1763,p49,t104,1
e1764,p50,p5,1
e1765,p50,p8,1
e1766,p50,p9,1
e1767,p50,p10,1
e1768,p50,p13,1
e1769,p50,p19,1
e1770,p50,p30,1
e1771,p50,p31,1
e1772,p50,p34,1
e1773,p50,p39,1
e1774,p50,p43,1
e1775,p50,p49,1
e1776,p50,p52,1
e1777,p50,p64,1
e1778,p50,p77,1
e1779,p50,p86,1
e1780,p50,p94,1
e1781,p50,p96,1
e1782,p50,t100,1
e1783,p50,t101,1
e1784,p50,t102,1
e1785,p50,t103,1
e1786,p50,t104,1
e1787,p51,p6,1
e1788,p51,p8,1
e1789,p51,p10,1
e1790,p51,p11,1
e1791,p51,p14,1
e1792,p51,p17,1
e1793,p51,p19,1
e1794,p51,p22,1
e1795,p51,p23,1
e1796,p51,p24,1
e1797,p51,p28,1
e1798,p51,p29,1
e1799,p51,p30,1
e1800,p51,p31,1
e1801,p51,p32,1
e1802,p51,p41,1
e1803,p51,p43,1
e1804,p51,p46,1
e1805,p51,p47,1
e1806,p51,p48,1
e1807,p51,p50,1
e1808,p51,p52,1
e1809,p51,p58,1
e1810,p51,p61,1
e1811,p51,p64,1
e1812,p51,p65,1
e1813,p51,p68,1
e1814,p51,p70,1
e1815,p51,p71,1
e1816,p51,p72,1
e1817,p51,p74,1
e1818,p51,p76,1
e1819,p51,p77,1
e1820,p51,p80,1
e1821,p51,p81,1
e1822,p51,p88,1
e1823,p51,p92,1
e1824,p51,p94,1
e1825,p51,p95,1
e1826,p51,p97,1
e1827,p51,p98,1
e1828,p51,p99,1
e1829,p51,t100,1
e1830,p51,t101,1
e1831,p51,t102,1
e1832,p51,t103,1
e1833,p51,t104,1
e1834,p52,p9,1
e1835,p52,p16,1
e1836,p52,p21,1
e1837,p52,p22,1
e1838,p52,p27,1
e1839,p52,p29,1
e1840,p52,p37,1
e1841,p52,p41,1
e1842,p52,p44,1
e1843,p52,p50,1
e1844,p52,p64,1
e1845,p52,p68,1
e1846,p52,p77,1
e1847,p52,p82,1
e1848,p52,p87,1
e1849,p52,p94,1
e1850,p52,t100,1
e1851,p52,t101,1
e1852,p52,t102,1
e1853,p52,t103,1
e1854,p52,t104,1
e1855,p53,p6,1
e1856,p53,p9,1
e1857,p53,p10,1
e1858,p53,p11,1
e1859,p53,p12,1
e1860,p53,p14,1
e1861,p53,p17,1
e1862,p53,p18,1
e1863,p53,p19,1
e1864,p53,p22,1
e1865,p53,p23,1
e1866,p53,p24,1
e1867,p53,p28,1
e1868,p53,p29,1
e1869,p53,p30,1
e1870,p53,p32,1
e1871,p53,p34,1
e1872,p53,p35,1
e1873,p53,p36,1
e1874,p53,p37,1
e1875,p53,p41,1
e1876,p53,p43,1
e1877,p53,p46,1
e1878,p53,p47,1
e1879,p53,p50,1
e1880,p53,p58,1
e1881,p53,p59,1
e1882,p53,p60,1
e1883,p53,p61,1
e1884,p53,p65,1
e1885,p53,p69,1
e1886,p53,p71,1
e1887,p53,p74,1
e1888,p53,p77,1
e1889,p53,p80,1
e1890,p53,p81,1
e1891,p53,p82,1
e1892,p53,p83,1
e1893,p53,p84,1
e1894,p53,p90,1
e1895,p53,p92,1
e1896,p53,p93,1
e1897,p53,p94,1
e1898,p53,p96,1
e1899,p53,p97,1
e1900,p53,p98,1
e1901,p53,t100,1
e1902,p53,t101,1
e1903,p53,t102,1
e1904,p53,t103,1
e1905,p53,t104,1
e1906,p54,p6,1
e1907,p54,p8,1
e1908,p54,p9,1
e1909,p54,p12,1
e1910,p54,p17,1
e1911,p54,p22,1
e1912,p54,p23,1
e1913,p54,p27,1
e1914,p54,p29,1
e1915,p54,p30,1
e1916,p54,p32,1
e1917,p54,p34,1
e1918,p54,p35,1
e1919,p54,p39,1
e1920,p54,p43,1
e1921,p54,p44,1
e1922,p54,p46,1
e1923,p54,p50,1
e1924,p54,p52,1
e1925,p54,p53,1
e1926,p54,p59,1
e1927,p54,p60,1
e1928,p54,p64,1
e1929,p54,p65,1
e1930,p54,p68,1
e1931,p54,p70,1
e1932,p54,p71,1
e1933,p54,p72,1
e1934,p54,p74,1
e1935,p54,p78,1
e1936,p54,p80,1
e1937,p54,p81,1
e1938,p54,p82,1
e1939,p54,p83,1
e1940,p54,p84,1
e1941,p54,p89,1
e1942,p54,p90,1
e1943,p54,p92,1
e1944,p54,p93,1
e1945,p54,p94,1
e1946,p54,p95,1
e1947,p54,p98,1
e1948,p54,t100,1
e1949,p54,t101,1
e1950,p54,t102,1
e1951,p54,t103,1
e1952,p54,t104,1
e1953,p55,p8,1
e1954,p55,p9,1
e1955,p55,p10,1
e1956,p55,p14,1
e1957,p55,p19,1
e1958,p55,p21,1
e1959,p55,p22,1
e1960,p55,p24,1
e1961,p55,p34,1
e1962,p55,p37,1
e1963,p55,p39,1
e1964,p55,p41,1
e1965,p55,p44,1
e1966,p55,p52,1
e1967,p55,p64,1
e1968,p55,p68,1
e1969,p55,p82,1
e1970,p55,p94,1
e1971,p55,t100,1
e1972,p55,t101,1
e1973,p55,t102,1
e1974,p55,t103,1
e1975,p55,t104,1
e1976,p56,p8,1
e1977,p56,p9,1
e1978,p56,p10,1
e1979,p56,p14,1
e1980,p56,p19,1
e1981,p56,p21,1
e1982,p56,p22,1
e1983,p56,p24,1
e1984,p56,p29,1
e1985,p56,p30,1
e1986,p56,p34,1
e1987,p56,p37,1
e1988,p56,p39,1
e1989,p56,p41,1
e1990,p56,p43,1
e1991,p56,p44,1
e1992,p56,p50,1
e1993,p56,p52,1
e1994,p56,p63,1
e1995,p56,p64,1
e1996,p56,p68,1
e1997,p56,p72,1
e1998,p56,p77,1
e1999,p56,p82,1
e2000,p56,p94,1
e2001,p56,t100,1
e2002,p56,t101,1
e2003,p56,t102,1
e2004,p56,t103,1
e2005,p56,t104,1
e2006,p57,p6,1
e2007,p57,p9,1
e2008,p57,p11,1
e2009,p57,p12,1
e2010,p57,p21,1
e2011,p57,p22,1
e2012,p57,p23,1
e2013,p57,p24,1
e2014,p57,p26,1
e2015,p57,p27,1
e2016,p57,p28,1
e2017,p57,p30,1
e2018,p57,p32,1
e2019,p57,p34,1
e2020,p57,p35,1
e2021,p57,p39,1
e2022,p57,p40,1
e2023,p57,p41,1
e2024,p57,p43,1
e2025,p57,p46,1
e2026,p57,p47,1
e2027,p57,p48,1
e2028,p57,p51,1
e2029,p57,p52,1
e2030,p57,p55,1
e2031,p57,p58,1
e2032,p57,p59,1
e2033,p57,p61,1
e2034,p57,p63,1
e2035,p57,p64,1
e2036,p57,p65,1
e2037,p57,p66,1
e2038,p57,p69,1
e2039,p57,p70,1
e2040,p57,p71,1
e2041,p57,p72,1
e2042,p57,p74,1
e2043,p57,p79,1
e2044,p57,p81,1
e2045,p57,p83,1
e2046,p57,p84,1
e2047,p57,p88,1
e2048,p57,p89,1
e2049,p57,p92,1
e2050,p57,p93,1
e2051,p57,p94,1
e2052,p57,p95,1
e2053,p57,p96,1
e2054,p57,p98,1
e2055,p57,t100,1
e2056,p57,t101,1
e2057,p57,t102,1
e2058,p57,t103,1
e2059,p57,t104,1
e2060,p58,p8,1
e2061,p58,p21,1
e2062,p58,p27,1
e2063,p58,p30,1
e2064,p58,p37,1
e2065,p58,p41,1
e2066,p58,p44,1
e2067,p58,p45,1
e2068,p58,p64,1
e2069,p58,p68,1
e2070,p58,p82,1
e2071,p58,p94,1
e2072,p58,p96,1
e2073,p58,t100,1
e2074,p58,t101,1
e2075,p58,t102,1
e2076,p58,t103,1
e2077,p58,t104,1
e2078,p59,p5,1
e2079,p59,p8,1
e2080,p59,p9,1
e2081,p59,p10,1
e2082,p59,p16,1
e2083,p59,p19,1
e2084,p59,p24,1
e2085,p59,p29,1
e2086,p59,p34,1
e2087,p59,p39,1
e2088,p59,p41,1
e2089,p59,p44,1
e2090,p59,p49,1
e2091,p59,p50,1
e2092,p59,p52,1
e2093,p59,p64,1
e2094,p59,p68,1
e2095,p59,p72,1
e2096,p59,p85,1
e2097,p59,p87,1
e2098,p59,p94,1
e2099,p59,t100,1
e2100,p59,t101,1
e2101,p59,t102,1
e2102,p59,t103,1
e2103,p59,t104,1
e2104,p60,p10,1
e2105,p60,p14,1
e2106,p60,p24,1
e2107,p60,p27,1
e2108,p60,p37,1
e2109,p60,p39,1
e2110,p60,p41,1
e2111,p60,p43,1
e2112,p60,p44,1
e2113,p60,p50,1
e2114,p60,p52,1
e2115,p60,p63,1
e2116,p60,p64,1
e2117,p60,p72,1
e2118,p60,p94,1
e2119,p60,p96,1
e2120,p60,t100,1
e2121,p60,t101,1
e2122,p60,t102,1
e2123,p60,t103,1
e2124,p60,t104,1
e2125,p61,p27,1
e2126,p61,p35,1
e2127,p61,p36,1
e2128,p61,p41,1
e2129,p61,p78,1
e2130,p61,p83,1
e2131,p61,p97,1
e2132,p61,t100,1
e2133,p61,t101,1
e2134,p61,t102,1
e2135,p61,t103,1
e2136,p61,t104,1
e2137,p62,p14,1
e2138,p62,p19,1
e2139,p62,p21,1
e2140,p62,p29,1
e2141,p62,p37,1
e2142,p62,p39,1
e2143,p62,p40,1
e2144,p62,p41,1
e2145,p62,p43,1
e2146,p62,p44,1
e2147,p62,p52,1
e2148,p62,p64,1
e2149,p62,p68,1
e2150,p62,p72,1
e2151,p62,p77,1
e2152,p62,p82,1
e2153,p62,p94,1
e2154,p62,p96,1
e2155,p62,p99,1
e2156,p62,t100,1
e2157,p62,t101,1
e2158,p62,t102,1
e2159,p62,t103,1
e2160,p62,t104,1
e2161,p63,p7,1
e2162,p63,p8,1
e2163,p63,p11,1
e2164,p63,p12,1
e2165,p63,p16,1
e2166,p63,p17,1
e2167,p63,p18,1
e2168,p63,p19,1
e2169,p63,p23,1
e2170,p63,p27,1
e2171,p63,p28,1
e2172,p63,p29,1
e2173,p63,p30,1
e2174,p63,p34,1
e2175,p63,p36,1
e2176,p63,p39,1
e2177,p63,p41,1
e2178,p63,p44,1
e2179,p63,p46,1
e2180,p63,p47,1
e2181,p63,p48,1
e2182,p63,p49,1
e2183,p63,p50,1
e2184,p63,p55,1
e2185,p63,p56,1
e2186,p63,p60,1
e2187,p63,p64,1
e2188,p63,p65,1
e2189,p63,p66,1
e2190,p63,p67,1
e2191,p63,p70,1
e2192,p63,p71,1
e2193,p63,p73,1
e2194,p63,p74,1
e2195,p63,p79,1
e2196,p63,p81,1
e2197,p63,p82,1
e2198,p63,p83,1
e2199,p63,p84,1
e2200,p63,p87,1
e2201,p63,p88,1
e2202,p63,p91,1
e2203,p63,p92,1
e2204,p63,p94,1
e2205,p63,p96,1
e2206,p63,p97,1
e2207,p63,p98,1
e2208,p63,t100,1
e2209,p63,t101,1
e2210,p63,t102,1
e2211,p63,t103,1
e2212,p63,t104,1
e2213,p64,p6,1
e2214,p64,p8,1
e2215,p64,p9,1
e2216,p64,p10,1
e2217,p64,p11,1
e2218,p64,p12,1
e2219,p64,p14,1
e2220,p64,p17,1
e2221,p64,p18,1
e2222,p64,p19,1
e2223,p64,p23,1
e2224,p64,p24,1
e2225,p64,p28,1
e2226,p64,p29,1
e2227,p64,p30,1
e2228,p64,p33,1
e2229,p64,p35,1
e2230,p64,p36,1
e2231,p64,p37,1
e2232,p64,p46,1
e2233,p64,p47,1
e2234,p64,p50,1
e2235,p64,p52,1
e2236,p64,p58,1
e2237,p64,p59,1
e2238,p64,p60,1
e2239,p64,p61,1
e2240,p64,p65,1
e2241,p64,p69,1
e2242,p64,p70,1
e2243,p64,p71,1
e2244,p64,p74,1
e2245,p64,p75,1
e2246,p64,p76,1
e2247,p64,p78,1
e2248,p64,p80,1
e2249,p64,p81,1
e2250,p64,p82,1
e2251,p64,p83,1
e2252,p64,p84,1
e2253,p64,p89,1
e2254,p64,p90,1
e2255,p64,p92,1
e2256,p64,p93,1
e2257,p64,p94,1
e2258,p64,p95,1
e2259,p64,p96,1
e2260,p64,p98,1
e2261,p64,t100,1
e2262,p64,t101,1
e2263,p64,t102,1
e2264,p64,t103,1
e2265,p64,t104,1
e2266,p65,p6,1
e2267,p65,p8,1
e2268,p65,p9,1
e2269,p65,p11,1
e2270,p65,p14,1
e2271,p65,p17,1
e2272,p65,p21,1
e2273,p65,p22,1
e2274,p65,p23,1
e2275,p65,p27,1
e2276,p65,p32,1
e2277,p65,p36,1
e2278,p65,p37,1
e2279,p65,p40,1
e2280,p65,p41,1
e2281,p65,p46,1
e2282,p65,p50,1
e2283,p65,p60,1
e2284,p65,p61,1
e2285,p65,p63,1
e2286,p65,p64,1
e2287,p65,p66,1
e2288,p65,p68,1
e2289,p65,p69,1
e2290,p65,p70,1
e2291,p65,p71,1
e2292,p65,p74,1
e2293,p65,p77,1
e2294,p65,p81,1
e2295,p65,p83,1
e2296,p65,p84,1
e2297,p65,p92,1
e2298,p65,p94,1
e2299,p65,p95,1
e2300,p65,p98,1
e2301,p65,t100,1
e2302,p65,t101,1
e2303,p65,t102,1
e2304,p65,t103,1
e2305,p65,t104,1
e2306,p66,p6,1
e2307,p66,p9,1
e2308,p66,p10,1
e2309,p66,p11,1
e2310,p66,p12,1
e2311,p66,p14,1
e2312,p66,p17,1
e2313,p66,p19,1
e2314,p66,p21,1
e2315,p66,p23,1
e2316,p66,p24,1
e2317,p66,p27,1
e2318,p66,p28,1
e2319,p66,p29,1
e2320,p66,p30,1
e2321,p66,p31,1
e2322,p66,p35,1
e2323,p66,p37,1
e2324,p66,p41,1
e2325,p66,p44,1
e2326,p66,p46,1
e2327,p66,p48,1
e2328,p66,p50,1
e2329,p66,p52,1
e2330,p66,p53,1
e2331,p66,p58,1
e2332,p66,p60,1
e2333,p66,p61,1
e2334,p66,p64,1
e2335,p66,p70,1
e2336,p66,p74,1
e2337,p66,p77,1
e2338,p66,p80,1
e2339,p66,p81,1
e2340,p66,p83,1
e2341,p66,p84,1
e2342,p66,p88,1
e2343,p66,p92,1
e2344,p66,p93,1
e2345,p66,p94,1
e2346,p66,p95,1
e2347,p66,p96,1
e2348,p66,p97,1
e2349,p66,p98,1
e2350,p66,t100,1
e2351,p66,t101,1
e2352,p66,t102,1
e2353,p66,t103,1
e2354,p66,t104,1
e2355,p67,p8,1
e2356,p67,p10,1
e2357,p67,p11,1
e2358,p67,p12,1
e2359,p67,p14,1
e2360,p67,p19,1
e2361,p67,p20,1
e2362,p67,p23,1
e2363,p67,p24,1
e2364,p67,p27,1
e2365,p67,p28,1
e2366,p67,p32,1
e2367,p67,p34,1
e2368,p67,p37,1
e2369,p67,p41,1
e2370,p67,p43,1
e2371,p67,p46,1
e2372,p67,p47,1
e2373,p67,p48,1
e2374,p67,p52,1
e2375,p67,p53,1
e2376,p67,p58,1
e2377,p67,p64,1
e2378,p67,p65,1
e2379,p67,p66,1
e2380,p67,p68,1
e2381,p67,p69,1
e2382,p67,p71,1
e2383,p67,p74,1
e2384,p67,p79,1
e2385,p67,p80,1
e2386,p67,p90,1
e2387,p67,p92,1
e2388,p67,p94,1
e2389,p67,p95,1
e2390,p67,p97,1
e2391,p67,p98,1
e2392,p67,t100,1
e2393,p67,t101,1
e2394,p67,t102,1
e2395,p67,t103,1
e2396,p67,t104,1
e2397,p68,p27,1
e2398,p68,p28,1
e2399,p68,p35,1
e2400,p68,p36,1
e2401,p68,p39,1
e2402,p68,p41,1
e2403,p68,p47,1
e2404,p68,p78,1
e2405,p68,p83,1
e2406,p68,p84,1
e2407,p68,p92,1
e2408,p68,p97,1
e2409,p68,t100,1
e2410,p68,t101,1
e2411,p68,t102,1
e2412,p68,t103,1
e2413,p68,t104,1
e2414,p69,p8,1
e2415,p69,p14,1
e2416,p69,p19,1
e2417,p69,p21,1
e2418,p69,p24,1
e2419,p69,p27,1
e2420,p69,p30,1
e2421,p69,p31,1
e2422,p69,p34,1
e2423,p69,p37,1
e2424,p69,p39,1
e2425,p69,p43,1
e2426,p69,p44,1
e2427,p69,p50,1
e2428,p69,p52,1
e2429,p69,p64,1
e2430,p69,p68,1
e2431,p69,p77,1
e2432,p69,p82,1
e2433,p69,p94,1
e2434,p69,t100,1
e2435,p69,t101,1
e2436,p69,t102,1
e2437,p69,t103,1
e2438,p69,t104,1
e2439,p70,p24,1
e2440,p70,p27,1
e2441,p70,p34,1
e2442,p70,p39,1
e2443,p70,p44,1
e2444,p70,p50,1
e2445,p70,p64,1
e2446,p70,p68,1
e2447,p70,p72,1
e2448,p70,p89,1
e2449,p70,p94,1
e2450,p70,p96,1
e2451,p70,t100,1
e2452,p70,t101,1
e2453,p70,t102,1
e2454,p70,t103,1
e2455,p70,t104,1
e2456,p71,p5,1
e2457,p71,p6,1
e2458,p71,p8,1
e2459,p71,p10,1
e2460,p71,p11,1
e2461,p71,p12,1
e2462,p71,p14,1
e2463,p71,p17,1
e2464,p71,p23,1
e2465,p71,p24,1
e2466,p71,p25,1
e2467,p71,p29,1
e2468,p71,p32,1
e2469,p71,p39,1
e2470,p71,p42,1
e2471,p71,p46,1
e2472,p71,p47,1
e2473,p71,p48,1
e2474,p71,p53,1
e2475,p71,p56,1
e2476,p71,p59,1
e2477,p71,p60,1
e2478,p71,p61,1
e2479,p71,p64,1
e2480,p71,p65,1
e2481,p71,p67,1
e2482,p71,p68,1
e2483,p71,p70,1
e2484,p71,p72,1
e2485,p71,p73,1
e2486,p71,p74,1
e2487,p71,p77,1
e2488,p71,p78,1
e2489,p71,p82,1
e2490,p71,p84,1
e2491,p71,p85,1
e2492,p71,p91,1
e2493,p71,p92,1
e2494,p71,p93,1
e2495,p71,p94,1
e2496,p71,p95,1
e2497,p71,p96,1
e2498,p71,p98,1
e2499,p71,p99,1
e2500,p71,t100,1
e2501,p71,t101,1
e2502,p71,t102,1
e2503,p71,t103,1
e2504,p71,t104,1
e2505,p72,p8,1
e2506,p72,p9,1
e2507,p72,p10,1
e2508,p72,p11,1
e2509,p72,p12,1
e2510,p72,p17,1
e2511,p72,p19,1
e2512,p72,p22,1
e2513,p72,p23,1
e2514,p72,p24,1
e2515,p72,p27,1
e2516,p72,p28,1
e2517,p72,p29,1
e2518,p72,p30,1
e2519,p72,p32,1
e2520,p72,p34,1
e2521,p72,p35,1
e2522,p72,p36,1
e2523,p72,p37,1
e2524,p72,p39,1
e2525,p72,p46,1
e2526,p72,p47,1
e2527,p72,p48,1
e2528,p72,p50,1
e2529,p72,p52,1
e2530,p72,p58,1
e2531,p72,p60,1
e2532,p72,p64,1
e2533,p72,p65,1
e2534,p72,p66,1
e2535,p72,p68,1
e2536,p72,p71,1
e2537,p72,p74,1
e2538,p72,p77,1
e2539,p72,p78,1
e2540,p72,p80,1
e2541,p72,p83,1
e2542,p72,p84,1
e2543,p72,p88,1
e2544,p72,p90,1
e2545,p72,p92,1
e2546,p72,p93,1
e2547,p72,p94,1
e2548,p72,p95,1
e2549,p72,p96,1
e2550,p72,p98,1
e2551,p72,t100,1
e2552,p72,t101,1
e2553,p72,t102,1
e2554,p72,t103,1
e2555,p72,t104,1
e2556,p73,p27,1
e2557,p73,p39,1
e2558,p73,p47,1
e2559,p73,p67,1
e2560,p73,p78,1
e2561,p73,p83,1
e2562,p73,p84,1
e2563,p73,p92,1
e2564,p73,t100,1
e2565,p73,t101,1
e2566,p73,t102,1
e2567,p73,t103,1
e2568,p73,t104,1
e2569,p74,p8,1
e2570,p74,p13,1
e2571,p74,p21,1
e2572,p74,p22,1
e2573,p74,p29,1
e2574,p74,p34,1
e2575,p74,p37,1
e2576,p74,p39,1
e2577,p74,p41,1
e2578,p74,p44,1
e2579,p74,p52,1
e2580,p74,p63,1
e2581,p74,p64,1
e2582,p74,p72,1
e2583,p74,p94,1
e2584,p74,t100,1
e2585,p74,t101,1
e2586,p74,t102,1
e2587,p74,t103,1
e2588,p74,t104,1
e2589,p75,p5,1
e2590,p75,p7,1
e2591,p75,p10,1
e2592,p75,p11,1
e2593,p75,p16,1
e2594,p75,p17,1
e2595,p75,p22,1
e2596,p75,p23,1
e2597,p75,p24,1
e2598,p75,p26,1
e2599,p75,p27,1
e2600,p75,p28,1
e2601,p75,p29,1
e2602,p75,p32,1
e2603,p75,p35,1
e2604,p75,p49,1
e2605,p75,p50,1
e2606,p75,p52,1
e2607,p75,p53,1
e2608,p75,p58,1
e2609,p75,p59,1
e2610,p75,p60,1
e2611,p75,p64,1
e2612,p75,p65,1
e2613,p75,p66,1
e2614,p75,p67,1
e2615,p75,p68,1
e2616,p75,p69,1
e2617,p75,p71,1
e2618,p75,p73,1
e2619,p75,p74,1
e2620,p75,p77,1
e2621,p75,p79,1
e2622,p75,p83,1
e2623,p75,p84,1
e2624,p75,p87,1
e2625,p75,p88,1
e2626,p75,p90,1
e2627,p75,p91,1
e2628,p75,p92,1
e2629,p75,p93,1
e2630,p75,p94,1
e2631,p75,p96,1
e2632,p75,p97,1
e2633,p75,p98,1
e2634,p75,t100,1
e2635,p75,t101,1
e2636,p75,t102,1
e2637,p75,t103,1
e2638,p75,t104,1
e2639,p76,p9,1
e2640,p76,p10,1
e2641,p76,p11,1
e2642,p76,p12,1
e2643,p76,p13,1
e2644,p76,p20,1
e2645,p76,p22,1
e2646,p76,p23,1
e2647,p76,p24,1
e2648,p76,p27,1
e2649,p76,p30,1
e2650,p76,p32,1
e2651,p76,p34,1
e2652,p76,p35,1
e2653,p76,p36,1
e2654,p76,p37,1
e2655,p76,p39,1
e2656,p76,p44,1
e2657,p76,p45,1
e2658,p76,p46,1
e2659,p76,p48,1
e2660,p76,p50,1
e2661,p76,p52,1
e2662,p76,p58,1
e2663,p76,p59,1
e2664,p76,p60,1
e2665,p76,p61,1
e2666,p76,p64,1
e2667,p76,p65,1
e2668,p76,p68,1
e2669,p76,p69,1
e2670,p76,p70,1
e2671,p76,p71,1
e2672,p76,p72,1
e2673,p76,p74,1
e2674,p76,p78,1
e2675,p76,p82,1
e2676,p76,p83,1
e2677,p76,p90,1
e2678,p76,p92,1
e2679,p76,p93,1
e2680,p76,p94,1
e2681,p76,p95,1
e2682,p76,p97,1
e2683,p76,p98,1
e2684,p76,t100,1
e2685,p76,t101,1
e2686,p76,t102,1
e2687,p76,t103,1
e2688,p76,t104,1
e2689,p77,p8,1
e2690,p77,p9,1
e2691,p77,p14,1
e2692,p77,p21,1
e2693,p77,p22,1
e2694,p77,p24,1
e2695,p77,p34,1
e2696,p77,p37,1
e2697,p77,p45,1
e2698,p77,p50,1
e2699,p77,p52,1
e2700,p77,p64,1
e2701,p77,p68,1
e2702,p77,p94,1
e2703,p77,p96,1
e2704,p77,t100,1
e2705,p77,t101,1
e2706,p77,t102,1
e2707,p77,t103,1
e2708,p77,t104,1
e2709,p78,p8,1
e2710,p78,p9,1
e2711,p78,p19,1
e2712,p78,p21,1
e2713,p78,p24,1
e2714,p78,p27,1
e2715,p78,p29,1
e2716,p78,p30,1
e2717,p78,p41,1
e2718,p78,p43,1
e2719,p78,p50,1
e2720,p78,p52,1
e2721,p78,p64,1
e2722,p78,p68,1
e2723,p78,p72,1
e2724,p78,p77,1
e2725,p78,p82,1
e2726,p78,p94,1
e2727,p78,t100,1
e2728,p78,t101,1
e2729,p78,t102,1
e2730,p78,t103,1
e2731,p78,t104,1
e2732,p79,p6,1
e2733,p79,p8,1
e2734,p79,p10,1
e2735,p79,p12,1
e2736,p79,p14,1
e2737,p79,p21,1
e2738,p79,p23,1
e2739,p79,p24,1
e2740,p79,p27,1
e2741,p79,p28,1
e2742,p79,p32,1
e2743,p79,p34,1
e2744,p79,p35,1
e2745,p79,p36,1
e2746,p79,p37,1
e2747,p79,p41,1
e2748,p79,p43,1
e2749,p79,p46,1
e2750,p79,p47,1
e2751,p79,p48,1
e2752,p79,p52,1
e2753,p79,p53,1
e2754,p79,p58,1
e2755,p79,p59,1
e2756,p79,p60,1
e2757,p79,p64,1
e2758,p79,p65,1
e2759,p79,p66,1
e2760,p79,p68,1
e2761,p79,p69,1
e2762,p79,p71,1
e2763,p79,p74,1
e2764,p79,p77,1
e2765,p79,p78,1
e2766,p79,p81,1
e2767,p79,p82,1
e2768,p79,p83,1
e2769,p79,p84,1
e2770,p79,p88,1
e2771,p79,p90,1
e2772,p79,p92,1
e2773,p79,p94,1
e2774,p79,p97,1
e2775,p79,p98,1
e2776,p79,p99,1
e2777,p79,t100,1
e2778,p79,t101,1
e2779,p79,t102,1
e2780,p79,t103,1
e2781,p79,t104,1
e2782,p80,p8,1
e2783,p80,p9,1
e2784,p80,p10,1
e2785,p80,p14,1
e2786,p80,p19,1
e2787,p80,p21,1
e2788,p80,p22,1
e2789,p80,p27,1
e2790,p80,p30,1
e2791,p80,p31,1
e2792,p80,p34,1
e2793,p80,p37,1
e2794,p80,p41,1
e2795,p80,p52,1
e2796,p80,p64,1
e2797,p80,p68,1
e2798,p80,p72,1
e2799,p80,p82,1
e2800,p80,p94,1
e2801,p80,p96,1
e2802,p80,t100,1
e2803,p80,t101,1
e2804,p80,t102,1
e2805,p80,t103,1
e2806,p80,t104,1
e2807,p81,p8,1
e2808,p81,p9,1
e2809,p81,p10,1
e2810,p81,p13,1
e2811,p81,p14,1
e2812,p81,p19,1
e2813,p81,p22,1
e2814,p81,p24,1
e2815,p81,p27,1
e2816,p81,p29,1
e2817,p81,p30,1
e2818,p81,p34,1
e2819,p81,p37,1
e2820,p81,p39,1
e2821,p81,p40,1
e2822,p81,p44,1
e2823,p81,p50,1
e2824,p81,p52,1
e2825,p81,p64,1
e2826,p81,p68,1
e2827,p81,p77,1
e2828,p81,p82,1
e2829,p81,p94,1
e2830,p81,p96,1
e2831,p81,t100,1
e2832,p81,t101,1
e2833,p81,t102,1
e2834,p81,t103,1
e2835,p81,t104,1
e2836,p82,p9,1
e2837,p82,p10,1
e2838,p82,p14,1
e2839,p82,p24,1
e2840,p82,p27,1
e2841,p82,p34,1
e2842,p82,p37,1
e2843,p82,p39,1
e2844,p82,p41,1
e2845,p82,p43,1
e2846,p82,p64,1
e2847,p82,p72,1
e2848,p82,p77,1
e2849,p82,p94,1
e2850,p82,p96,1
e2851,p82,t100,1
e2852,p82,t101,1
e2853,p82,t102,1
e2854,p82,t103,1
e2855,p82,t104,1
e2856,p83,p39,1
e2857,p83,p41,1
e2858,p83,t100,1
e2859,p83,t101,1
e2860,p83,t102,1
e2861,p83,t103,1
e2862,p83,t104,1
e2863,p84,p5,1
e2864,p84,p7,1
e2865,p84,p8,1
e2866,p84,p9,1
e2867,p84,p10,1
e2868,p84,p11,1
e2869,p84,p12,1
e2870,p84,p14,1
e2871,p84,p15,1
e2872,p84,p16,1
e2873,p84,p21,1
e2874,p84,p23,1
e2875,p84,p27,1
e2876,p84,p28,1
e2877,p84,p29,1
e2878,p84,p32,1
e2879,p84,p35,1
e2880,p84,p36,1
e2881,p84,p37,1
e2882,p84,p39,1
e2883,p84,p41,1
e2884,p84,p42,1
e2885,p84,p46,1
e2886,p84,p47,1
e2887,p84,p49,1
e2888,p84,p50,1
e2889,p84,p52,1
e2890,p84,p53,1
e2891,p84,p56,1
e2892,p84,p58,1
e2893,p84,p60,1
e2894,p84,p61,1
e2895,p84,p64,1
e2896,p84,p65,1
e2897,p84,p66,1
e2898,p84,p67,1
e2899,p84,p68,1
e2900,p84,p71,1
e2901,p84,p72,1
e2902,p84,p74,1
e2903,p84,p77,1
e2904,p84,p80,1
e2905,p84,p82,1
e2906,p84,p83,1
e2907,p84,p90,1
e2908,p84,p92,1
e2909,p84,p93,1
e2910,p84,p94,1
e2911,p84,p95,1
e2912,p84,p96,1
e2913,p84,p97,1
e2914,p84,p98,1
e2915,p84,t100,1
e2916,p84,t101,1
e2917,p84,t102,1
e2918,p84,t103,1
e2919,p84,t104,1
e2920,p85,p8,1
e2921,p85,p10,1
e2922,p85,p14,1
e2923,p85,p21,1
e2924,p85,p22,1
e2925,p85,p29,1
e2926,p85,p30,1
e2927,p85,p34,1
e2928,p85,p37,1
e2929,p85,p43,1
e2930,p85,p52,1
e2931,p85,p64,1
e2932,p85,p68,1
e2933,p85,p72,1
e2934,p85,p77,1
e2935,p85,p94,1
e2936,p85,p96,1
e2937,p85,t100,1
e2938,p85,t101,1
e2939,p85,t102,1
e2940,p85,t103,1
e2941,p85,t104,1
e2942,p86,p5,1
e2943,p86,p9,1
e2944,p86,p10,1
e2945,p86,p14,1
e2946,p86,p16,1
e2947,p86,p19,1
e2948,p86,p24,1
e2949,p86,p29,1
e2950,p86,p30,1
e2951,p86,p34,1
e2952,p86,p39,1
e2953,p86,p43,1
e2954,p86,p44,1
e2955,p86,p49,1
e2956,p86,p50,1
e2957,p86,p64,1
e2958,p86,p68,1
e2959,p86,p72,1
e2960,p86,p76,1
e2961,p86,p82,1
e2962,p86,p85,1
e2963,p86,p87,1
e2964,p86,p94,1
e2965,p86,t100,1
e2966,p86,t101,1
e2967,p86,t102,1
e2968,p86,t103,1
e2969,p86,t104,1
e2970,p87,p8,1
e2971,p87,p9,1
e2972,p87,p10,1
e2973,p87,p14,1
e2974,p87,p22,1
e2975,p87,p27,1
e2976,p87,p29,1
e2977,p87,p30,1
e2978,p87,p34,1
e2979,p87,p37,1
e2980,p87,p39,1
e2981,p87,p41,1
e2982,p87,p44,1
e2983,p87,p50,1
e2984,p87,p52,1
e2985,p87,p64,1
e2986,p87,p77,1
e2987,p87,p82,1
e2988,p87,p94,1
e2989,p87,t100,1
e2990,p87,t101,1
e2991,p87,t102,1
e2992,p87,t103,1
e2993,p87,t104,1
e2994,p88,p6,1
e2995,p88,p8,1
e2996,p88,p9,1
e2997,p88,p10,1
e2998,p88,p11,1
e2999,p88,p12,1
e3000,p88,p17,1
e3001,p88,p19,1
e3002,p88,p21,1
e3003,p88,p23,1
e3004,p88,p24,1
e3005,p88,p27,1
e3006,p88,p29,1
e3007,p88,p34,1
e3008,p88,p35,1
e3009,p88,p39,1
e3010,p88,p41,1
e3011,p88,p43,1
e3012,p88,p46,1
e3013,p88,p48,1
e3014,p88,p52,1
e3015,p88,p53,1
e3016,p88,p54,1
e3017,p88,p55,1
e3018,p88,p57,1
e3019,p88,p58,1
e3020,p88,p64,1
e3021,p88,p65,1
e3022,p88,p66,1
e3023,p88,p69,1
e3024,p88,p71,1
e3025,p88,p72,1
e3026,p88,p74,1
e3027,p88,p77,1
e3028,p88,p80,1
e3029,p88,p81,1
e3030,p88,p82,1
e3031,p88,p83,1
e3032,p88,p84,1
e3033,p88,p90,1
e3034,p88,p92,1
e3035,p88,p93,1
e3036,p88,p94,1
e3037,p88,p95,1
e3038,p88,p97,1
e3039,p88,p98,1
e3040,p88,t100,1
e3041,p88,t101,1
e3042,p88,t102,1
e3043,p88,t103,1
e3044,p88,t104,1
e3045,p89,p6,1
e3046,p89,p8,1
e3047,p89,p9,1
e3048,p89,p12,1
e3049,p89,p14,1
e3050,p89,p15,1
e3051,p89,p23,1
e3052,p89,p28,1
e3053,p89,p32,1
e3054,p89,p36,1
e3055,p89,p37,1
e3056,p89,p43,1
e3057,p89,p44,1
e3058,p89,p46,1
e3059,p89,p47,1
e3060,p89,p50,1
e3061,p89,p52,1
e3062,p89,p57,1
e3063,p89,p59,1
e3064,p89,p60,1
e3065,p89,p61,1
e3066,p89,p65,1
e3067,p89,p68,1
e3068,p89,p69,1
e3069,p89,p70,1
e3070,p89,p71,1
e3071,p89,p74,1
e3072,p89,p78,1
e3073,p89,p80,1
e3074,p89,p81,1
e3075,p89,p82,1
e3076,p89,p83,1
e3077,p89,p84,1
e3078,p89,p90,1
e3079,p89,p92,1
e3080,p89,p94,1
e3081,p89,p95,1
e3082,p89,p96,1
e3083,p89,p97,1
e3084,p89,p98,1
e3085,p89,p99,1
e3086,p89,t100,1
e3087,p89,t101,1
e3088,p89,t102,1
e3089,p89,t103,1
e3090,p89,t104,1
e3091,p90,p10,1
e3092,p90,p14,1
e3093,p90,p19,1
e3094,p90,p21,1
e3095,p90,p22,1
e3096,p90,p24,1
e3097,p90,p29,1
e3098,p90,p31,1
e3099,p90,p34,1
e3100,p90,p37,1
e3101,p90,p43,1
e3102,p90,p50,1
e3103,p90,p64,1
e3104,p90,p68,1
e3105,p90,p77,1
e3106,p90,p82,1
e3107,p90,p94,1
e3108,p90,p96,1
e3109,p90,p99,1
e3110,p90,t100,1
e3111,p90,t101,1
e3112,p90,t102,1
e3113,p90,t103,1
e3114,p90,t104,1
e3115,p91,p6,1
e3116,p91,p8,1
e3117,p91,p9,1
e3118,p91,p10,1
e3119,p91,p11,1
e3120,p91,p12,1
e3121,p91,p14,1
e3122,p91,p19,1
e3123,p91,p22,1
e3124,p91,p23,1
e3125,p91,p24,1
e3126,p91,p27,1
e3127,p91,p28,1
e3128,p91,p30,1
e3129,p91,p32,1
e3130,p91,p34,1
e3131,p91,p35,1
e3132,p91,p36,1
e3133,p91,p39,1
e3134,p91,p43,1
e3135,p91,p44,1
e3136,p91,p46,1
e3137,p91,p53,1
e3138,p91,p58,1
e3139,p91,p59,1
e3140,p91,p60,1
e3141,p91,p64,1
e3142,p91,p65,1
e3143,p91,p69,1
e3144,p91,p71,1
e3145,p91,p72,1
e3146,p91,p74,1
e3147,p91,p77,1
e3148,p91,p78,1
e3149,p91,p80,1
e3150,p91,p81,1
e3151,p91,p82,1
e3152,p91,p83,1
e3153,p91,p90,1
e3154,p91,p92,1
e3155,p91,p93,1
e3156,p91,p94,1
e3157,p91,p95,1
e3158,p91,p96,1
e3159,p91,p97,1
e3160,p91,p98,1
e3161,p91,p99,1
e3162,p91,t100,1
e3163,p91,t101,1
e3164,p91,t102,1
e3165,p91,t103,1
e3166,p91,t104,1
e3167,p92,p8,1
e3168,p92,p14,1
e3169,p92,p21,1
e3170,p92,p22,1
e3171,p92,p27,1
e3172,p92,p29,1
e3173,p92,p30,1
e3174,p92,p31,1
e3175,p92,p39,1
e3176,p92,p43,1
e3177,p92,p50,1
e3178,p92,p52,1
e3179,p92,p64,1
e3180,p92,p72,1
e3181,p92,p82,1
e3182,p92,p94,1
e3183,p92,t100,1
e3184,p92,t101,1
e3185,p92,t102,1
e3186,p92,t103,1
e3187,p92,t104,1
e3188,p93,p6,1
e3189,p93,p8,1
e3190,p93,p10,1
e3191,p93,p11,1
e3192,p93,p14,1
e3193,p93,p17,1
e3194,p93,p19,1
e3195,p93,p21,1
e3196,p93,p22,1
e3197,p93,p23,1
e3198,p93,p27,1
e3199,p93,p28,1
e3200,p93,p29,1
e3201,p93,p32,1
e3202,p93,p35,1
e3203,p93,p36,1
e3204,p93,p37,1
e3205,p93,p39,1
e3206,p93,p41,1
e3207,p93,p43,1
e3208,p93,p44,1
e3209,p93,p45,1
e3210,p93,p46,1
e3211,p93,p48,1
e3212,p93,p50,1
e3213,p93,p51,1
e3214,p93,p52,1
e3215,p93,p53,1
e3216,p93,p61,1
e3217,p93,p64,1
e3218,p93,p65,1
e3219,p93,p69,1
e3220,p93,p71,1
e3221,p93,p72,1
e3222,p93,p74,1
e3223,p93,p77,1
e3224,p93,p78,1
e3225,p93,p83,1
e3226,p93,p84,1
e3227,p93,p88,1
e3228,p93,p90,1
e3229,p93,p92,1
e3230,p93,p94,1
e3231,p93,p95,1
e3232,p93,p96,1
e3233,p93,p97,1
e3234,p93,p98,1
e3235,p93,t100,1
e3236,p93,t101,1
e3237,p93,t102,1
e3238,p93,t103,1
e3239,p93,t104,1
e3240,p94,p8,1
e3241,p94,p10,1
e3242,p94,p11,1
e3243,p94,p18,1
e3244,p94,p19,1
e3245,p94,p21,1
e3246,p94,p23,1
e3247,p94,p24,1
e3248,p94,p27,1
e3249,p94,p28,1
e3250,p94,p29,1
e3251,p94,p30,1
e3252,p94,p32,1
e3253,p94,p34,1
e3254,p94,p36,1
e3255,p94,p37,1
e3256,p94,p39,1
e3257,p94,p41,1
e3258,p94,p44,1
e3259,p94,p46,1
e3260,p94,p52,1
e3261,p94,p53,1
e3262,p94,p54,1
e3263,p94,p58,1
e3264,p94,p60,1
e3265,p94,p61,1
e3266,p94,p64,1
e3267,p94,p65,1
e3268,p94,p68,1
e3269,p94,p69,1
e3270,p94,p70,1
e3271,p94,p71,1
e3272,p94,p72,1
e3273,p94,p74,1
e3274,p94,p77,1
e3275,p94,p80,1
e3276,p94,p82,1
e3277,p94,p83,1
e3278,p94,p84,1
e3279,p94,p88,1
e3280,p94,p90,1
e3281,p94,p92,1
e3282,p94,p93,1
e3283,p94,p96,1
e3284,p94,p97,1
e3285,p94,p98,1
e3286,p94,p99,1
e3287,p94,t100,1
e3288,p94,t101,1
e3289,p94,t102,1
e3290,p94,t103,1
e3291,p94,t104,1
e3292,p95,p6,1
e3293,p95,p8,1
e3294,p95,p9,1
e3295,p95,p11,1
e3296,p95,p12,1
e3297,p95,p17,1
e3298,p95,p19,1
e3299,p95,p23,1
e3300,p95,p24,1
e3301,p95,p29,1
e3302,p95,p30,1
e3303,p95,p32,1
e3304,p95,p34,1
e3305,p95,p35,1
e3306,p95,p36,1
e3307,p95,p39,1
e3308,p95,p41,1
e3309,p95,p43,1
e3310,p95,p44,1
e3311,p95,p46,1
e3312,p95,p47,1
e3313,p95,p48,1
e3314,p95,p50,1
e3315,p95,p52,1
e3316,p95,p53,1
e3317,p95,p57,1
e3318,p95,p59,1
e3319,p95,p60,1
e3320,p95,p64,1
e3321,p95,p65,1
e3322,p95,p69,1
e3323,p95,p70,1
e3324,p95,p71,1
e3325,p95,p74,1
e3326,p95,p77,1
e3327,p95,p78,1
e3328,p95,p80,1
e3329,p95,p81,1
e3330,p95,p82,1
e3331,p95,p83,1
e3332,p95,p84,1
e3333,p95,p88,1
e3334,p95,p89,1
e3335,p95,p90,1
e3336,p95,p92,1
e3337,p95,p93,1
e3338,p95,p94,1
e3339,p95,p96,1
e3340,p95,p98,1
e3341,p95,p99,1
e3342,p95,t100,1
e3343,p95,t101,1
e3344,p95,t102,1
e3345,p95,t103,1
e3346,p95,t104,1
e3347,p96,p10,1
e3348,p96,p14,1
e3349,p96,p21,1
e3350,p96,p24,1
e3351,p96,p34,1
e3352,p96,p39,1
e3353,p96,p41,1
e3354,p96,p43,1
e3355,p96,p44,1
e3356,p96,p45,1
e3357,p96,p50,1
e3358,p96,p52,1
e3359,p96,p64,1
e3360,p96,p72,1
e3361,p96,p75,1
e3362,p96,p82,1
e3363,p96,p94,1
e3364,p96,t100,1
e3365,p96,t101,1
e3366,p96,t102,1
e3367,p96,t103,1
e3368,p96,t104,1
e3369,p97,p27,1
e3370,p97,p35,1
e3371,p97,p36,1
e3372,p97,p47,1
e3373,p97,p53,1
e3374,p97,p83,1
e3375,p97,p92,1
e3376,p97,t100,1
e3377,p97,t101,1
e3378,p97,t102,1
e3379,p97,t103,1
e3380,p97,t104,1
e3381,p98,p8,1
e3382,p98,p9,1
e3383,p98,p10,1
e3384,p98,p14,1
e3385,p98,p21,1
e3386,p98,p22,1
e3387,p98,p24,1
e3388,p98,p29,1
e3389,p98,p30,1
e3390,p98,p37,1
e3391,p98,p43,1
e3392,p98,p44,1
e3393,p98,p52,1
e3394,p98,p64,1
e3395,p98,p68,1
e3396,p98,p77,1
e3397,p98,p82,1
e3398,p98,p94,1
e3399,p98,p96,1
e3400,p98,t100,1
e3401,p98,t101,1
e3402,p98,t102,1
e3403,p98,t103,1
e3404,p98,t104,1
e3405,p99,p9,1
e3406,p99,p10,1
e3407,p99,p12,1
e3408,p99,p19,1
e3409,p99,p20,1
e3410,p99,p21,1
e3411,p99,p22,1
e3412,p99,p23,1
e3413,p99,p24,1
e3414,p99,p27,1
e3415,p99,p28,1
e3416,p99,p30,1
e3417,p99,p32,1
e3418,p99,p39,1
e3419,p99,p41,1
e3420,p99,p43,1
e3421,p99,p46,1
e3422,p99,p50,1
e3423,p99,p51,1
e3424,p99,p59,1
e3425,p99,p60,1
e3426,p99,p64,1
e3427,p99,p65,1
e3428,p99,p68,1
e3429,p99,p69,1
e3430,p99,p70,1
e3431,p99,p71,1
e3432,p99,p74,1
e3433,p99,p77,1
e3434,p99,p80,1
e3435,p99,p81,1
e3436,p99,p84,1
e3437,p99,p88,1
e3438,p99,p90,1
e3439,p99,p92,1
e3440,p99,p94,1
e3441,p99,p98,1
e3442,p99,t100,1
e3443,p99,t101,1
e3444,p99,t102,1
e3445,p99,t103,1
e3446,p99,t104,1
endEdges
